<?xml version="1.0" encoding="UTF-8"?>
<!DOCTYPE configuration
  PUBLIC "-//mybatis.org//DTD Config 3.0//EN"
  "http://mybatis.org/dtd/mybatis-3-config.dtd">

  <configuration>
  	<properties resource="com/surt/properties/db.properties" />
  	
  	<typeAliases>
  		<typeAlias type="java.lang.String" alias="str" />
		<typeAlias type="java.lang.Integer" alias="int" />
		
		<typeAlias type="com.surt.dto.MemberVO"  alias="member"/>
		<typeAlias type="com.surt.dto.QuestionVO"  alias="question"/>
		<typeAlias type="com.surt.dto.SikdangVO" alias="sikdang" />
		<typeAlias type="com.surt.dto.PostVO" alias="post" />
  	</typeAliases>
  	
  	
  	<environments default="development">
		<environment id="development">
			<transactionManager type="JDBC" />
			<dataSource type="POOLED">
				<property name="driver" value="${jdbc.driverClassName}" />
				<property name="url" value="${jdbc.url}" />
				<property name="username" value="${jdbc.username}" />
				<property name="password" value="${jdbc.password}" />
				
				<!-- pool setting -->
				<property value="2" name="poolMaximumActiveConnections"/>
				<property value="2" name="poolMaximumIdleConnections"/>
			</dataSource>
		</environment>
	</environments>
	
  	
  	
  	<mappers>
		<mapper resource="com/surt/mybatis/mappers/Member-Mapper.xml"/>
		<mapper resource="com/surt/mybatis/mappers/Question-Mapper.xml"/>
		<mapper resource="com/surt/mybatis/mappers/Post-Mapper.xml"/>
		
	</mappers>
  </configuration>
  
  
  
  
  
  
  